{
  "roc_auc": 0.7168518518518519,
  "classification_report": {
    "0": {
      "precision": 0.6875,
      "recall": 0.66,
      "f1-score": 0.673469387755102,
      "support": 50.0
    },
    "1": {
      "precision": 0.6964285714285714,
      "recall": 0.7222222222222222,
      "f1-score": 0.7090909090909091,
      "support": 54.0
    },
    "accuracy": 0.6923076923076923,
    "macro avg": {
      "precision": 0.6919642857142857,
      "recall": 0.6911111111111111,
      "f1-score": 0.6912801484230056,
      "support": 104.0
    },
    "weighted avg": {
      "precision": 0.692135989010989,
      "recall": 0.6923076923076923,
      "f1-score": 0.6919651776794633,
      "support": 104.0
    }
  },
  "positive_rate_test": 0.5192307692307693
}